{"cameraMode":{"drawMode":0,"name":"Shaded","section":"Shading Mode"},"sceneLighting":false,"audioPlay":false,"sceneViewState":{"m_AlwaysRefresh":false,"showFog":true,"showSkybox":false,"showFlares":true,"showImageEffects":true,"showParticleSystems":true,"showVisualEffectGraphs":true,"m_FxEnabled":true},"in2DMode":false,"pivot":{"x":0.02701568603515625,"y":-0.23262983560562135,"z":0.37383991479873659},"rotation":{"x":-0.23372109234333039,"y":0.7558009028434753,"z":-0.35425716638565066,"w":-0.49864014983177187},"size":1.0055769681930543,"orthographic":false}