{"cameraMode":{"drawMode":0,"name":"Shaded","section":"Shading Mode"},"sceneLighting":true,"audioPlay":false,"sceneViewState":{"m_AlwaysRefresh":false,"showFog":true,"showSkybox":true,"showFlares":true,"showImageEffects":true,"showParticleSystems":true,"showVisualEffectGraphs":true,"m_FxEnabled":true},"in2DMode":false,"pivot":{"x":2.646543502807617,"y":-27.528221130371095,"z":20.03049087524414},"rotation":{"x":-0.39844009280204775,"y":0.18293051421642304,"z":-0.08142972737550736,"w":-0.8950797915458679},"size":34.908241271972659,"orthographic":false}