{"cameraMode":{"drawMode":0,"name":"Shaded","section":"Shading Mode"},"sceneLighting":false,"audioPlay":false,"sceneViewState":{"m_AlwaysRefresh":false,"showFog":true,"showSkybox":false,"showFlares":true,"showImageEffects":true,"showParticleSystems":true,"showVisualEffectGraphs":true,"m_FxEnabled":true},"in2DMode":false,"pivot":{"x":-0.8540096282958984,"y":0.22608327865600587,"z":-0.0406184196472168},"rotation":{"x":-0.13376368582248689,"y":0.8603140115737915,"z":-0.2892196774482727,"w":-0.39789411425590517},"size":4.169308662414551,"orthographic":false}